epoch,steps,cosine_pearson,cosine_spearman
1.0,16,0.8482557763470013,0.8369411423176247
2.0,32,0.8831417615742775,0.8437954988160056
3.0,48,0.8994261005993894,0.8217885654996274
4.0,64,0.9043577918037672,0.8167098924584185
5.0,80,0.9057415877066843,0.8177969819354927
6.0,96,0.9066774520583644,0.8187097783723041
7.0,112,0.9073074710386287,0.819418648052835
8.0,128,0.907580998386034,0.8194334649108441
9.0,144,0.9076854062310262,0.8196701447216704
10.0,160,0.9077269867640781,0.8200483645182134
